image,url,label
qr_0_benign_images.png,https://data.worldbank.org/,0
qr_100_benign_images.png,https://www.notion.so/,0
qr_101_benign_images.png,https://www.freecodecamp.org/,0
qr_102_benign_images.png,https://www.hathitrust.org/,0
qr_103_benign_images.png,https://www.myfitnesspal.com/,0
qr_104_benign_images.png,https://us.etrade.com/,0
qr_105_benign_images.png,https://sleekng.com/,0
qr_106_benign_images.png,https://www.decorhubng.com/,0
qr_107_benign_images.png,https://www.jpl.nasa.gov/,0
qr_108_benign_images.png,https://gbanjodeals.com/,0
qr_109_benign_images.png,https://about.gitlab.com/,0
qr_10_benign_images.png,https://www.onenote.com/,0
qr_110_benign_images.png,https://www.ck12.org/,0
qr_111_benign_images.png,https://www.atlasobscura.com/,0
qr_112_benign_images.png,https://wwitv.com/television/237.htm,0
qr_113_benign_images.png,https://neemans.com/,0
qr_114_benign_images.png,https://www.epa.gov/,0
qr_115_benign_images.png,https://www.everydayhealthyrecipes.com/,0
qr_116_benign_images.png,https://heimdalsecurity.com/blog/,0
qr_117_benign_images.png,https://www.wired.com/,0
qr_118_benign_images.png,https://lidiasitaly.com/,0
qr_119_benign_images.png,https://www.glassdoor.com/,0
qr_11_benign_images.png,https://www.wikipedia.org/,0
qr_120_benign_images.png,https://leitesculinaria.com/,0
qr_121_benign_images.png,https://unsplash.com/,0
qr_122_benign_images.png,https://www.expedia.co.in/,0
qr_123_benign_images.png,https://www.climate.gov/,0
qr_124_benign_images.png,https://www.nerdwallet.com/,0
qr_125_benign_images.png,https://www.ubereats.com/,0
qr_126_benign_images.png,https://pubmed.ncbi.nlm.nih.gov/,0
qr_127_benign_images.png,https://www.virustotal.com/,0
qr_128_benign_images.png,https://www.investing.com/,0
qr_129_benign_images.png,https://www.hippocampus.org/,0
qr_12_benign_images.png,https://www.codecademy.com/,0
qr_130_benign_images.png,https://www.hopkinsmedicine.org/,0
qr_131_benign_images.png,https://www.careerbuilder.com/,0
qr_132_benign_images.png,https://www.who.int/data/gho,0
qr_133_benign_images.png,https://www.topcoder.com/,0
qr_134_benign_images.png,https://www.politico.com/,0
qr_135_benign_images.png,https://www.saveur.com/,0
qr_136_benign_images.png,https://towardsdatascience.com/,0
qr_137_benign_images.png,https://www.bbcgoodfood.com/,0
qr_138_benign_images.png,https://www.rulequest.com/,0
qr_139_benign_images.png,https://journals.plos.org/plosone/,0
qr_13_benign_images.png,https://essxnyc.com/,0
qr_140_benign_images.png,https://www.holidify.com/,0
qr_141_benign_images.png,https://www.ajio.com/,0
qr_142_benign_images.png,https://www.olacabs.com/,0
qr_143_benign_images.png,https://www.swiggy.com/home,0
qr_144_benign_images.png,https://www.bbc.com/news,0
qr_145_benign_images.png,https://haldiramsminutekhana.com/,0
qr_146_benign_images.png,https://jaipurgolden.in/,0
qr_147_benign_images.png,https://www.sportingnews.com/in,0
qr_148_benign_images.png,https://www.culinaryhill.com/,0
qr_149_benign_images.png,https://docs.github.com/,0
qr_14_benign_images.png,https://evernote.com/,0
qr_150_benign_images.png,https://ec.europa.eu/eurostat/,0
qr_151_benign_images.png,https://www.cnbc.com/finance/,0
qr_152_benign_images.png,https://foe.org/,0
qr_153_benign_images.png,https://weworkremotely.com/,0
qr_154_benign_images.png,https://www.britannica.com/,0
qr_155_benign_images.png,https://www.theodinproject.com/,0
qr_156_benign_images.png,https://www.coursera.org/,0
qr_157_benign_images.png,https://www.hackerrank.com/,0
qr_158_benign_images.png,https://notability.com/,0
qr_159_benign_images.png,https://www.hotstar.com/in/home?ref=%2Fin,0
qr_15_benign_images.png,https://asana.com/,0
qr_160_benign_images.png,https://my.clevelandclinic.org/,0
qr_161_benign_images.png,https://whc.unesco.org/,0
qr_162_benign_images.png,https://public.wmo.int/,0
qr_163_benign_images.png,https://www.pinterest.com/,0
qr_164_benign_images.png,https://klcs.org/,0
qr_165_benign_images.png,https://www.infosecurity-magazine.com/,0
qr_166_benign_images.png,https://www.americastestkitchen.com/,0
qr_167_benign_images.png,https://devdocs.io/,0
qr_168_benign_images.png,https://www.outsourcey.com/,0
qr_169_benign_images.png,https://www.edf.org/,0
qr_16_benign_images.png,https://www.rescuetime.com/,0
qr_170_benign_images.png,https://www.shutterbean.com/,0
qr_171_benign_images.png,https://webcast.berkeley.edu/,0
qr_172_benign_images.png,https://en.wiktionary.org/wiki/Wiktionary:Main_Page,0
qr_173_benign_images.png,https://www.jamieoliver.com/,0
qr_174_benign_images.png,https://www.manchester.ac.uk/,0
qr_175_benign_images.png,https://online-learning.harvard.edu/,0
qr_176_benign_images.png,https://www.djangoproject.com/,0
qr_177_benign_images.png,https://www.ediblecommunities.com/,0
qr_178_benign_images.png,https://thehackernews.com/,0
qr_179_benign_images.png,https://www.cookingchanneltv.com/,0
qr_17_benign_images.png,https://www.unep.org/,0
qr_180_benign_images.png,https://www.cfa.harvard.edu/,0
qr_181_benign_images.png,https://www.wnba.com/,0
qr_182_benign_images.png,https://www.verywellmind.com/,0
qr_183_benign_images.png,https://wholefully.com/,0
qr_184_benign_images.png,https://www.skyscanner.co.in/,0
qr_185_benign_images.png,https://pomodoneapp.com/,0
qr_186_benign_images.png,https://www.youtube.com/user/bonappetitdotcom,0
qr_187_benign_images.png,https://www.fast.ai/,0
qr_188_benign_images.png,https://dictionary.cambridge.org/,0
qr_189_benign_images.png,https://dp.la/,0
qr_18_benign_images.png,https://ai.googleblog.com/,0
qr_190_benign_images.png,https://www.robinhood.com/,0
qr_191_benign_images.png,https://data.nasa.gov/,0
qr_192_benign_images.png,https://tastesbetterfromscratch.com/,0
qr_193_benign_images.png,https://www.fool.com/,0
qr_194_benign_images.png,https://www.howsweeteats.com/,0
qr_195_benign_images.png,https://savannah.gnu.org/,0
qr_196_benign_images.png,https://academicearth.org/,0
qr_197_benign_images.png,https://www.heart.org/,0
qr_198_benign_images.png,https://packetstormsecurity.com/,0
qr_199_benign_images.png,https://securityledger.com/,0
qr_19_benign_images.png,https://www.moviesite.co.za/,0
qr_1_benign_images.png,https://www.justdial.com/,0
qr_200_benign_images.png,https://www.openstreetmap.org/,0
qr_201_benign_images.png,https://valkyries.wnba.com/,0
qr_202_benign_images.png,https://www.thecookierookie.com/,0
qr_203_benign_images.png,https://www.healthline.com/,0
qr_204_benign_images.png,https://www.accessbankplc.com/,0
qr_205_benign_images.png,https://www.youtube.com/c/TheKitchn,0
qr_206_benign_images.png,https://www.nist.gov/cyberframework,0
qr_207_benign_images.png,https://cybersecurityventures.com/blog/,0
qr_208_benign_images.png,https://threatpost.com/,0
qr_209_benign_images.png,https://www.agoda.com/,0
qr_20_benign_images.png,https://www.brilliant.org/,0
qr_210_benign_images.png,https://css-tricks.com/,0
qr_211_benign_images.png,https://www.halfbakedharvest.com/,0
qr_212_benign_images.png,https://www.birmingham.ac.uk/,0
qr_213_benign_images.png,https://www.pexels.com/,0
qr_214_benign_images.png,https://www.codewars.com/,0
qr_215_benign_images.png,https://www.wri.org/,0
qr_216_benign_images.png,https://www.bugcrowd.com/,0
qr_217_benign_images.png,https://www.deepmind.com/,0
qr_218_benign_images.png,https://gamefaqs.gamespot.com/gba/914608-dragon-ball-z-the-legacy-of-goku-ii/faqs,0
qr_219_benign_images.png,https://www.indiamart.com/,0
qr_21_benign_images.png,https://www.themediterraneandish.com/,0
qr_220_benign_images.png,https://www.apache.org/,0
qr_221_benign_images.png,https://www.csail.mit.edu/,0
qr_222_benign_images.png,https://www.seti.org/,0
qr_223_benign_images.png,https://threatvector.cylance.com/,0
qr_224_benign_images.png,https://www.healthyseasonalrecipes.com/,0
qr_225_benign_images.png,https://www.smashingmagazine.com/,0
qr_226_benign_images.png,https://nodejs.org/en/,0
qr_227_benign_images.png,https://www.bonappetit.com/,0
qr_228_benign_images.png,https://hired.com/,0
qr_229_benign_images.png,https://codepen.io/,0
qr_22_benign_images.png,https://www.sterkinekor.com/,0
qr_230_benign_images.png,https://pandas.pydata.org/docs/,0
qr_231_benign_images.png,https://www.nps.gov/,0
qr_232_benign_images.png,https://www.greenpeace.org/,0
qr_233_benign_images.png,https://www.homemadebycarmona.com/,0
qr_234_benign_images.png,https://www.tryhackme.com/,0
qr_235_benign_images.png,https://www.ikea.com/in/en/,0
qr_236_benign_images.png,https://mars.nasa.gov/,0
qr_237_benign_images.png,https://kara.com.ng/,0
qr_238_benign_images.png,https://www.kaggle.com/,0
qr_239_benign_images.png,https://www.ricksteves.com/,0
qr_23_benign_images.png,https://www.spoonforkbacon.com/,0
qr_240_benign_images.png,https://www.scientificamerican.com/,0
qr_241_benign_images.png,https://ocw.mit.edu/,0
qr_242_benign_images.png,https://www.eatyourselfskinny.com/,0
qr_243_benign_images.png,https://www.justonecookbook.com/,0
qr_244_benign_images.png,https://www.merriam-webster.com/,0
qr_245_benign_images.png,https://www.vanguard.com/,0
qr_246_benign_images.png,https://ed.ted.com/,0
qr_247_benign_images.png,https://alison.com/,0
qr_248_benign_images.png,https://www.adidas.co.in/,0
qr_249_benign_images.png,https://www.terraform.io/,0
qr_24_benign_images.png,https://www.rust-lang.org/,0
qr_250_benign_images.png,https://doaj.org/,0
qr_251_benign_images.png,https://evernote.com/webclipper,0
qr_252_benign_images.png,https://wutarick.com/,0
qr_253_benign_images.png,https://www.washingtonpost.com/,0
qr_254_benign_images.png,https://www.zoom.com/,0
qr_255_benign_images.png,https://cookieandkate.com/,0
qr_256_benign_images.png,https://www.artsy.net/,0
qr_257_benign_images.png,https://www.fontsquirrel.com/,0
qr_258_benign_images.png,https://www.aldoshoes.in/,0
qr_259_benign_images.png,https://alexandracooks.com/,0
qr_25_benign_images.png,https://www.gutenberg.org/,0
qr_260_benign_images.png,https://www.skyscanner.com/,0
qr_261_benign_images.png,https://www.worldbank.org/,0
qr_262_benign_images.png,https://www.sec.gov/edgar.shtml,0
qr_263_benign_images.png,https://www.linkedin.com/learning/,0
qr_264_benign_images.png,https://www.cookinglight.com/,0
qr_265_benign_images.png,https://www.allrecipes.com/,0
qr_266_benign_images.png,https://baccabucci.com/,0
qr_267_benign_images.png,https://cookpad.com/,0
qr_268_benign_images.png,https://americacomesalive.com/,0
qr_269_benign_images.png,https://www.flipkart.com/,0
qr_26_benign_images.png,https://bitbucket.org/,0
qr_270_benign_images.png,https://www.theverge.com/,0
qr_271_benign_images.png,https://nvd.nist.gov/,0
qr_272_benign_images.png,https://arxiv.org/,0
qr_273_benign_images.png,https://opensource.org/,0
qr_274_benign_images.png,https://www.nike.com/in/,0
qr_275_benign_images.png,https://ai.facebook.com/,0
qr_276_benign_images.png,https://www.vogue.in/,0
qr_277_benign_images.png,https://www.textkernel.com/,0
qr_278_benign_images.png,https://github.com/,0
qr_279_benign_images.png,https://www.mathway.com/,0
qr_27_benign_images.png,https://www.bankofamerica.com/,0
qr_280_benign_images.png,https://thewoksoflife.com/,0
qr_281_benign_images.png,https://www.rachaelray.com/,0
qr_282_benign_images.png,https://fossa.com/,0
qr_283_benign_images.png,https://www.marketwatch.com/,0
qr_284_benign_images.png,https://www.nih.gov/,0
qr_285_benign_images.png,https://www.census.gov/,0
qr_286_benign_images.png,https://online.stanford.edu/,0
qr_287_benign_images.png,https://www.investopedia.com/,0
qr_288_benign_images.png,https://www.williams-sonoma.com/,0
qr_289_benign_images.png,https://sproutedkitchen.com/,0
qr_28_benign_images.png,https://www.economist.com/,0
qr_290_benign_images.png,https://www.udacity.com/,0
qr_291_benign_images.png,https://www.bloomberg.com/markets,0
qr_292_benign_images.png,https://slack.com/,0
qr_293_benign_images.png,https://eric.ed.gov/,0
qr_294_benign_images.png,https://www.schwab.com/,0
qr_295_benign_images.png,https://www.darkreading.com/,0
qr_296_benign_images.png,https://toggl.com/,0
qr_297_benign_images.png,https://www.cdc.gov/,0
qr_298_benign_images.png,https://thefoodiephysician.com/,0
qr_299_benign_images.png,https://airandspace.si.edu/,0
qr_29_benign_images.png,https://smittenkitchen.com/,0
qr_2_benign_images.png,https://www.behance.net/,0
qr_300_benign_images.png,https://levi.in/,0
qr_301_benign_images.png,https://www.barclays.in/,0
qr_302_benign_images.png,https://www.aljazeera.com/,0
qr_303_benign_images.png,https://zenkit.com/,0
qr_304_benign_images.png,https://home.cern/,0
qr_305_benign_images.png,https://www.semanticscholar.org/,0
qr_306_benign_images.png,https://books.google.com/,0
qr_307_benign_images.png,https://www.nadiyahussain.com/,0
qr_308_benign_images.png,https://www.who.int/data,0
qr_309_benign_images.png,https://cybersecurityventures.com/,0
qr_30_benign_images.png,https://www.eatsure.com/,0
qr_310_benign_images.png,https://docs.python.org/3/,0
qr_311_benign_images.png,https://earth.google.com/,0
qr_312_benign_images.png,https://www.veganricha.com/,0
qr_313_benign_images.png,https://www.loveandlemons.com/,0
qr_314_benign_images.png,https://www.butterandbaggage.com/,0
qr_315_benign_images.png,https://www.evernote.com/,0
qr_316_benign_images.png,https://www.tripadvisor.in/,0
qr_317_benign_images.png,https://ourworldindata.org/,0
qr_318_benign_images.png,https://www.skechers.in/,0
qr_319_benign_images.png,https://www.grubstreet.com/,0
qr_31_benign_images.png,https://www.nasa.gov/,0
qr_320_benign_images.png,https://www.cia.gov/the-world-factbook/,0
qr_321_benign_images.png,https://www.lonelyplanet.com/,0
qr_322_benign_images.png,https://developer.mozilla.org/,0
qr_323_benign_images.png,https://www.hrw.org/,0
qr_324_benign_images.png,https://www.theguardian.com/international,0
qr_325_benign_images.png,https://ai.stanford.edu/,0
qr_326_benign_images.png,https://clockify.me/,0
qr_327_benign_images.png,https://www.gnu.org/,0
qr_328_benign_images.png,https://www.europeana.eu/,0
qr_329_benign_images.png,https://www.dice.com/,0
qr_32_benign_images.png,https://www.perimeterinstitute.ca/,0
qr_330_benign_images.png,https://www.google.com/publicdata/,0
qr_331_benign_images.png,https://www.dishingouthealth.com/,0
qr_332_benign_images.png,https://www.eso.org/,0
qr_333_benign_images.png,https://keep.google.com/,0
qr_334_benign_images.png,https://www.amazon.in/,0
qr_335_benign_images.png,https://www.ukdataservice.ac.uk/,0
qr_336_benign_images.png,https://www.webmd.com/,0
qr_337_benign_images.png,https://blog.malwarebytes.com/,0
qr_338_benign_images.png,https://www.exploit-db.com/,0
qr_339_benign_images.png,https://www.si.edu/,0
qr_33_benign_images.png,https://cuttingedgetheatre.co.uk/,0
qr_340_benign_images.png,https://www.delish.com/,0
qr_341_benign_images.png,https://www.theinfatuation.com/,0
qr_342_benign_images.png,https://www.space.com/,0
qr_343_benign_images.png,https://www.foodwalas.com/,0
qr_344_benign_images.png,https://replit.com/,0
qr_345_benign_images.png,https://www.appen.com/,0
qr_346_benign_images.png,https://www.campusshoes.com/,0
qr_347_benign_images.png,https://monday.com/,0
qr_348_benign_images.png,https://calendar.google.com/,0
qr_349_benign_images.png,https://www.cisa.gov/,0
qr_34_benign_images.png,https://www.ncbi.nlm.nih.gov/pmc/,0
qr_350_benign_images.png,https://www.tasteofhome.com/,0
qr_351_benign_images.png,https://www.goibibo.com/,0
qr_352_benign_images.png,https://www.gov.uk/,0
qr_353_benign_images.png,https://carissasonline.com/,0
qr_354_benign_images.png,https://www.tensorflow.org/,0
qr_355_benign_images.png,https://security-focus.co.uk/,0
qr_356_benign_images.png,https://www.thekitchn.com/,0
qr_357_benign_images.png,https://www.sc.com/en/,0
qr_358_benign_images.png,https://deliciouslyella.com/,0
qr_359_benign_images.png,https://www.royalenfield.com/in/en/home/,0
qr_35_benign_images.png,https://commoncrawl.org/latest-crawl,0
qr_360_benign_images.png,https://www.sweetandsavorybyshinee.com/,0
qr_361_benign_images.png,https://www.collinsdictionary.com/,0
qr_362_benign_images.png,https://finance.yahoo.com/,0
qr_363_benign_images.png,https://data.un.org/,0
qr_364_benign_images.png,https://www.airtable.com/,0
qr_365_benign_images.png,https://scikit-learn.org/stable/,0
qr_366_benign_images.png,https://www.weforum.org/,0
qr_367_benign_images.png,https://esahubble.org/,0
qr_368_benign_images.png,https://www.iea.org/,0
qr_369_benign_images.png,https://www.openaire.eu/,0
qr_36_benign_images.png,https://code.org/,0
qr_370_benign_images.png,https://www.nasdaq.com/,0
qr_371_benign_images.png,https://www.alignmentforum.org/,0
qr_372_benign_images.png,https://todo.microsoft.com/,0
qr_373_benign_images.png,https://techcrunch.com/,0
qr_374_benign_images.png,https://sourceforge.net/,0
qr_375_benign_images.png,https://www.fidelity.com/,0
qr_376_benign_images.png,https://in.hotels.com/,0
qr_377_benign_images.png,https://www.rainforest-alliance.org/,0
qr_378_benign_images.png,https://www.health.harvard.edu/,0
qr_379_benign_images.png,https://www.youtube.com/c/Chowhound,0
qr_37_benign_images.png,https://www.chowhound.com/,0
qr_380_benign_images.png,https://www.ft.com/,0
qr_381_benign_images.png,https://apnews.com/,0
qr_382_benign_images.png,https://earthdata.nasa.gov/,0
qr_383_benign_images.png,https://www.tastingtable.com/,0
qr_384_benign_images.png,https://www.ipcc.ch/,0
qr_385_benign_images.png,https://www.springer.com/in,0
qr_386_benign_images.png,https://www.openculture.com/,0
qr_387_benign_images.png,https://www.eatwell101.com/,0
qr_388_benign_images.png,https://oyc.yale.edu/,0
qr_389_benign_images.png,https://ai.google/,0
qr_38_benign_images.png,https://learngitbranching.js.org/,0
qr_390_benign_images.png,https://www.securityweek.com/,0
qr_391_benign_images.png,https://bakeschool.com/,0
qr_392_benign_images.png,https://www.sciencedirect.com/,0
qr_393_benign_images.png,https://www.grammy.com/,0
qr_394_benign_images.png,https://angel.co/,0
qr_395_benign_images.png,https://www.seriouseats.com/,0
qr_396_benign_images.png,https://openai.com/,0
qr_397_benign_images.png,https://www.mayoclinic.org/,0
qr_398_benign_images.png,https://worldwidescience.org/,0
qr_399_benign_images.png,https://www.youtube.com/c/FoodandWine,0
qr_39_benign_images.png,https://www.simplyrecipes.com/,0
qr_3_benign_images.png,https://www.forbes.com/,0
qr_400_benign_images.png,https://tradingeconomics.com/,0
qr_401_benign_images.png,https://www.cookstars.co.uk/,0
qr_402_benign_images.png,https://www.deviantart.com/,0
qr_403_benign_images.png,https://www.cyberseek.org/,0
qr_404_benign_images.png,https://www.sans.org/,0
qr_405_benign_images.png,https://www.wdl.org/,0
qr_406_benign_images.png,https://www.koreanbapsang.com/,0
qr_407_benign_images.png,https://www.wellplated.com/,0
qr_408_benign_images.png,https://www.who.int/,0
qr_409_benign_images.png,https://food52.com/,0
qr_40_benign_images.png,https://www.asics.co.in/,0
qr_410_benign_images.png,https://georgiatoday.ge/,0
qr_411_benign_images.png,https://philswimming.com/,0
qr_412_benign_images.png,https://dev.to/,0
qr_413_benign_images.png,https://openweathermap.org/,0
qr_414_benign_images.png,https://www.deeplearning.ai/,0
qr_415_benign_images.png,https://www.thebakingfairy.net/,0
qr_416_benign_images.png,https://cooking.nytimes.com/,0
qr_417_benign_images.png,https://www.khanacademy.org/,0
qr_418_benign_images.png,https://www.carbontrust.com/,0
qr_419_benign_images.png,https://www.bet.com/,0
qr_41_benign_images.png,https://shop.mtrfoods.com,0
qr_420_benign_images.png,https://www.tatacliq.com/,0
qr_421_benign_images.png,https://www.jstor.org/,0
qr_422_benign_images.png,https://www.researchgate.net/,0
qr_423_benign_images.png,https://scholar.google.com/,0
qr_424_benign_images.png,https://www.clickup.com/,0
qr_425_benign_images.png,https://www.youtube.com/,0
qr_426_benign_images.png,https://www.ema.europa.eu/,0
qr_427_benign_images.png,https://www.oyorooms.com/,0
qr_428_benign_images.png,https://www.bigbasket.com/,0
qr_429_benign_images.png,https://hubblesite.org/,0
qr_42_benign_images.png,https://www.forksoverknives.com/,0
qr_430_benign_images.png,https://www.naturesbasket.co.in/,0
qr_431_benign_images.png,https://cssbattle.dev/,0
qr_432_benign_images.png,https://blinkit.com/,0
qr_433_benign_images.png,https://todoist.com/,0
qr_434_benign_images.png,https://www.geeksforgeeks.org/,0
qr_435_benign_images.png,https://www.zomato.com/,0
qr_436_benign_images.png,https://www.snitch.com/,0
qr_437_benign_images.png,https://www.hdfcbank.com/,0
qr_438_benign_images.png,https://docs.docker.com/,0
qr_439_benign_images.png,https://www.designspiration.com/,0
qr_43_benign_images.png,https://pytorch.org/,0
qr_440_benign_images.png,https://data.oecd.org/,0
qr_441_benign_images.png,https://www.icicibank.com/,0
qr_442_benign_images.png,https://bair.berkeley.edu/,0
qr_443_benign_images.png,https://www.csoonline.com/,0
qr_444_benign_images.png,https://www.fifa.com,0
qr_445_benign_images.png,https://www.jackjones.in/,0
qr_446_benign_images.png,https://www.thespruceeats.com/,0
qr_447_benign_images.png,https://www.nsf.gov/,0
qr_448_benign_images.png,https://www.eater.com/,0
qr_449_benign_images.png,https://paytm.com/,0
qr_44_benign_images.png,https://www.misrii.com/,0
qr_450_benign_images.png,https://www.dictionary.com/,0
qr_451_benign_images.png,https://www.easemytrip.com/,0
qr_452_benign_images.png,https://scholar.google.com/schhp?hl=en,0
qr_453_benign_images.png,https://www.thefoodcharlatan.com/,0
qr_454_benign_images.png,https://www.carbonbrief.org/,0
qr_455_benign_images.png,https://theculturetrip.com/,0
qr_456_benign_images.png,https://www.prevention.com/,0
qr_457_benign_images.png,https://skyandtelescope.org/,0
qr_458_benign_images.png,https://www.biomedcentral.com/,0
qr_459_benign_images.png,https://www.indeed.com/,0
qr_45_benign_images.png,https://www.worldwildlife.org/,0
qr_460_benign_images.png,https://owasp.org/,0
qr_461_benign_images.png,https://www.nist.gov/,0
qr_462_benign_images.png,https://www.morningstar.com/,0
qr_463_benign_images.png,https://www.lloydsbank.com/,0
qr_464_benign_images.png,https://www.marthastewart.com/,0
qr_465_benign_images.png,https://www.science.gov/,0
qr_466_benign_images.png,https://www.mindmeister.com/,0
qr_467_benign_images.png,https://ktla.com/,0
qr_468_benign_images.png,https://noshon.vercel.app/,0
qr_469_benign_images.png,https://www.gimmesomeoven.com/,0
qr_46_benign_images.png,https://www.bata.com/in/,0
qr_470_benign_images.png,https://www.asweetpeachef.com/,0
qr_471_benign_images.png,https://www.spglobal.com/,0
qr_472_benign_images.png,https://www.bis.org/,0
qr_473_benign_images.png,https://www.khadims.com/,0
qr_474_benign_images.png,https://www.budgetbytes.com/,0
qr_475_benign_images.png,https://www.postgresql.org/docs/,0
qr_476_benign_images.png,https://ntrs.nasa.gov/,0
qr_477_benign_images.png,https://www.newscientist.com/,0
qr_478_benign_images.png,https://www.gordonramsay.com/,0
qr_479_benign_images.png,https://minimalistbaker.com/,0
qr_47_benign_images.png,https://dafunshop.com/,0
qr_480_benign_images.png,https://royalsociety.org/,0
qr_481_benign_images.png,https://www.datacamp.com/,0
qr_482_benign_images.png,https://pinchofyum.com/,0
qr_483_benign_images.png,https://www.trivago.in/,0
qr_484_benign_images.png,https://dribbble.com/,0
qr_485_benign_images.png,https://www.edx.org/,0
qr_486_benign_images.png,https://www.cisa.gov/uscert/,0
qr_487_benign_images.png,https://www.tripadvisor.com/,0
qr_488_benign_images.png,https://leetcode.com/,0
qr_489_benign_images.png,https://kshopey.ng/,0
qr_48_benign_images.png,https://medlineplus.gov/,0
qr_490_benign_images.png,https://www.zagat.com/,0
qr_491_benign_images.png,https://www.foodandwine.com/,0
qr_492_benign_images.png,https://www.w3schools.com/,0
qr_493_benign_images.png,https://www.thepioneerwoman.com/,0
qr_494_benign_images.png,https://www.reuters.com/,0
qr_495_benign_images.png,https://www.epicurious.com/,0
qr_496_benign_images.png,https://www.foodnetwork.com/,0
qr_497_benign_images.png,https://earthobservatory.nasa.gov/,0
qr_498_benign_images.png,https://www.greenkitchenstories.com/,0
qr_499_benign_images.png,https://www.elastic.co/,0
qr_49_benign_images.png,http://tutorial.math.lamar.edu/,0
qr_4_benign_images.png,https://drawdown.org/,0
qr_50_benign_images.png,https://ohsheglows.com/,0
qr_51_benign_images.png,https://blog.majestic.com/,0
qr_52_benign_images.png,https://www.learnamic.com/,0
qr_53_benign_images.png,https://www.iplt20.com/,0
qr_54_benign_images.png,https://leatherworldng.com/,0
qr_55_benign_images.png,https://www.shodan.io/,0
qr_56_benign_images.png,https://goldenswish.com/,0
qr_57_benign_images.png,https://www.expedia.com/,0
qr_58_benign_images.png,https://www.booking.com/,0
qr_59_benign_images.png,https://en.unesco.org/,0
qr_5_benign_images.png,https://sugarsaltmagic.com/,0
qr_60_benign_images.png,https://trello.com/,0
qr_61_benign_images.png,https://www.nrel.gov/,0
qr_62_benign_images.png,https://www.jumia.com.ng/,0
qr_63_benign_images.png,https://www.esa.int/,0
qr_64_benign_images.png,https://www.theguardian.com/,0
qr_65_benign_images.png,https://www.skillshare.com/,0
qr_66_benign_images.png,https://www.pixabay.com/,0
qr_67_benign_images.png,https://www.nationalgeographic.com/,0
qr_68_benign_images.png,https://www.nature.org/,0
qr_69_benign_images.png,https://www.federalreserve.gov/,0
qr_6_benign_images.png,https://www.makemytrip.com/,0
qr_70_benign_images.png,https://stackoverflow.com/,0
qr_71_benign_images.png,https://www.myrecipes.com/,0
qr_72_benign_images.png,https://www.hackthebox.com/,0
qr_73_benign_images.png,https://attack.mitre.org/,0
qr_74_benign_images.png,https://www.bbc.co.uk/bitesize/,0
qr_75_benign_images.png,https://www.futurelearn.com/,0
qr_76_benign_images.png,https://www.theatlantic.com/,0
qr_77_benign_images.png,https://core.ac.uk/,0
qr_78_benign_images.png,https://www.world-heart-federation.org/,0
qr_79_benign_images.png,https://nces.ed.gov/,0
qr_7_benign_images.png,https://archive.org/,0
qr_80_benign_images.png,https://www.data.gov/,0
qr_81_benign_images.png,https://kubernetes.io/,0
qr_82_benign_images.png,https://www.cvedetails.com/,0
qr_83_benign_images.png,https://www.academia.edu/,0
qr_84_benign_images.png,https://www.ninostyle.com/,0
qr_85_benign_images.png,https://www.thebreadshebakes.com/,0
qr_86_benign_images.png,https://www.myntra.com/,0
qr_87_benign_images.png,https://ieeexplore.ieee.org/,0
qr_88_benign_images.png,https://www.freshoffthegrid.com/,0
qr_89_benign_images.png,https://www.jobscan.co/,0
qr_8_benign_images.png,https://www.thegreatcourses.com/,0
qr_90_benign_images.png,https://www.creativebloq.com/,0
qr_91_benign_images.png,https://www.ssrn.com/,0
qr_92_benign_images.png,https://www.artstation.com/,0
qr_93_benign_images.png,https://lightcast.io/,0
qr_94_benign_images.png,https://isc.sans.edu/,0
qr_95_benign_images.png,https://www.loc.gov/,0
qr_96_benign_images.png,https://www.npr.org/,0
qr_97_benign_images.png,https://www.imf.org/,0
qr_98_benign_images.png,https://www.acouplecooks.com/,0
qr_99_benign_images.png,https://www.sweetpeasandsaffron.com/,0
qr_9_benign_images.png,https://guide.michelin.com/,0
qr_0_malicious_images.png,http://mobildeniz2025firsatlari.duckdns.org/,1
qr_100_malicious_images.png,http://www.avc3c.com/SharePointFileProposal/,1
qr_101_malicious_images.png,http://www.webogram.org/z/,1
qr_102_malicious_images.png,https://pub-6ec7dc245c434057b766048a50064ade.r2.dev/home.html窶ｦ,1
qr_103_malicious_images.png,https://app--sso--robinhood---com.webflow.io/,1
qr_104_malicious_images.png,	https://pub-b26214b3a8b542bbaff0a62f68326d70.r2.dev/index.html窶ｦ,1
qr_105_malicious_images.png,https://ahmdabubakarblog.blogspot.com/,1
qr_106_malicious_images.png,http://metmaskloginormetaask.godaddysites.com/,1
qr_107_malicious_images.png,https://feempteplaternowssresertnow.weebly.com/,1
qr_108_malicious_images.png,https://telegramhookups1.vercel.app/,1
qr_109_malicious_images.png,https://commerzdegermany.com/,1
qr_10_malicious_images.png,http://discordgg.lwcloud.workers.dev/,1
qr_110_malicious_images.png,http://sso--ndax----com-auth.webflow.io/,1
qr_111_malicious_images.png,http://xazu-bje.pages.dev/,1
qr_112_malicious_images.png,http://551000q.cc/,1
qr_113_malicious_images.png,https://xn--r1a.website/s/appzakiay,1
qr_114_malicious_images.png,http://webde-105971.weeblysite.com/,1
qr_115_malicious_images.png,http://rickgunspx.github.io/ingenieriasocial/,1
qr_116_malicious_images.png,http://rsvmgmbh.at/de/raiffeisen-salzburg-versicherungsmakler/beschwerdemanagement.html,1
qr_117_malicious_images.png,https://bennier.rest/f80f2efd53b241665fbce3f1edc1bfd0,1
qr_118_malicious_images.png,https://telegrams-u.com/dist/,1
qr_119_malicious_images.png,http://logino2.vercel.app/,1
qr_11_malicious_images.png,	https://depot-de-colis.com/index.php,1
qr_120_malicious_images.png,https://facebooks-suppost-account-cycurity.ubpages.com/checkpoint99566,1
qr_121_malicious_images.png,https://auloswoodwind.nl/ar/ar06/other.php,1
qr_122_malicious_images.png,https://www.55100-55100tz02.vip/,1
qr_123_malicious_images.png,http://steamoss.com/,1
qr_124_malicious_images.png,https://aidat-odemeleri7.com/,1
qr_125_malicious_images.png,http://rebakd.pages.dev/,1
qr_126_malicious_images.png,http://pwokuoxa.love/,1
qr_127_malicious_images.png,https://starbucks.lokrw.com/index.html?faq_spam_setln=ko,1
qr_128_malicious_images.png,https://bexbank.com.br/_..'/xzw/,1
qr_129_malicious_images.png,https://santanderpod.globalizeme-dublin2.co.uk/adviserAuth,1
qr_12_malicious_images.png,https://rishug03.github.io/amazonclone/,1
qr_130_malicious_images.png,http://pub-a066c943231842dc954dab75432c3f01.r2.dev/nwndx.html?err=cqoillihk8cjubaox7ghwoeqhtczcken8ljzh8vgjkli8jflcwit4jcnybtaqdoyrddcb6zvtdbqlu91219esrsr43jizo6bxwwboyhjig0lu0b618og1d9ucarzik9dzrnx1sgcazgazoji6jexjqjesyxwlhn3gn26vix2plgot1l9akkaluqd71ip7850v,1
qr_131_malicious_images.png,https://teleqrma.ink/k/,1
qr_132_malicious_images.png,https://pub-1eba217d949a436d9e609858987b1255.r2.dev/set2/index.html窶ｦ,1
qr_133_malicious_images.png,https://pub-8d79a88a32c64cd382eb08a2651581f9.r2.dev/index.html,1
qr_134_malicious_images.png,http://xgdhlj.wcuum.xyz/?fXVIg,1
qr_135_malicious_images.png,https://cc68b94d-d9d0-4a03-bf37-d58a3335e1ce.p.reviewstudio.com/-/en/Fischzubehoer-Aquarien/b/?ie=UTF8&node=445313031&ref_=sv_petsupplies_7,1
qr_136_malicious_images.png,https://bt-100665.weeblysite.com/,1
qr_137_malicious_images.png,https://pub-a7f416e623e14f51b1de95bf076e63c9.r2.dev/index.html,1
qr_138_malicious_images.png,http://congruous-shiny-alphabet.glitch.me/public/index_boxb.html,1
qr_139_malicious_images.png,http://is.gd/q7ItBl,1
qr_13_malicious_images.png,http://btwebmailmemberinfo.weebly.com/,1
qr_140_malicious_images.png,https://dalatoue.com/,1
qr_141_malicious_images.png,http://pub-dbe302e63c364101bd3d0287f14b99e4.r2.dev/mails.html,1
qr_142_malicious_images.png,https://43434343-11.duckdns.org/,1
qr_143_malicious_images.png,http://www.susongdcity.cn/,1
qr_144_malicious_images.png,http://auth-yweb.github.io/mneww/,1
qr_145_malicious_images.png,https://henslot-bro.com/,1
qr_146_malicious_images.png,http://storage.me-qr.com/html/3095eed3-c609-453d-8430-700d11878ad5.html,1
qr_147_malicious_images.png,https://gasperi.eu/webcard/vendor/_/_/,1
qr_148_malicious_images.png,http://us-gemini-logii.godaddysites.com/,1
qr_149_malicious_images.png,http://pub-c7efe08b63e8421594b969e42f716377.r2.dev/serverdatae5cc43015815732a4d38f73eec6434e3e5cc43015815732a4d38f73eec6434e3e5cc43015815732a4d38f73eec6434e3outl00k.html,1
qr_14_malicious_images.png,https://www.kathkuohome.com/,1
qr_150_malicious_images.png,https://www.metamask.at/,1
qr_151_malicious_images.png,https://radharaman-123.github.io/amazon/,1
qr_152_malicious_images.png,http://1.58.167.170:34306/bin.sh,1
qr_153_malicious_images.png,https://u.to/9NbeIQ,1
qr_154_malicious_images.png,https://digvijaydeveloper.github.io/AmazonClone/,1
qr_155_malicious_images.png,https://rishig1030.github.io/Amazon-Clone/,1
qr_156_malicious_images.png,https://tria.ge/250215-khyb7axmfp,1
qr_157_malicious_images.png,http://metmak-login-io.godaddysites.com/,1
qr_158_malicious_images.png,https://reyyuuki.github.io/Amazon-Clone/,1
qr_159_malicious_images.png,https://tragraquiziproi-6094.vercel.app/jkl.qbjae/,1
qr_15_malicious_images.png,https://rahukumar108.github.io/Amazon-clone/,1
qr_160_malicious_images.png,http://takeactioncontentlaunch.vercel.app/complaint&z/,1
qr_161_malicious_images.png,https://metamaskorlogin.godaddysites.com/,1
qr_162_malicious_images.png,https://messagericlients.samgoplaces.com/crdit-agricol/,1
qr_163_malicious_images.png,https://pub-ca01049913b0400285bfc932dc80ed01.r2.dev/index.html窶ｦ,1
qr_164_malicious_images.png,https://dudhatdip.github.io/Amazon_clone,1
qr_165_malicious_images.png,https://akshatsonker.github.io/netflix-clone/,1
qr_166_malicious_images.png,http://kkk-3.pages.dev/,1
qr_167_malicious_images.png,https://bitvavo.debak.nl/signin-oidc,1
qr_168_malicious_images.png,https://protezino-ua25.rest/689daadd2797316e601ecc1cb36e3402,1
qr_169_malicious_images.png,https://shoplovemmm.com/,1
qr_16_malicious_images.png,http://auth-yweb.github.io/savepagess/,1
qr_170_malicious_images.png,http://ldaibkasi2.innovator.icu/,1
qr_171_malicious_images.png,https://www.latm.ltventas.co.uk/,1
qr_172_malicious_images.png,https://3656240617.cc/,1
qr_173_malicious_images.png,https://telegramphoto.icu/+ira70wl34QwINxI,1
qr_174_malicious_images.png,https://kataresarthak.github.io/Netflix-Clone/,1
qr_175_malicious_images.png,https://telegrams-q.com/dist/,1
qr_176_malicious_images.png,https://pts.wed-wtaelagernn.com/thewl6-a/,1
qr_177_malicious_images.png,https://bafybeiamzhqg5wctfuzsxmbwktko4qs5p4znm52drxipajrexwnk247spy.ipfs.dweb.link/,1
qr_178_malicious_images.png,https://www.uvd.zbz.mybluehost.me/Ws/irdnz/bnz/home.php?&mDIqiTkod7bdkogtN1aRUh6TymhzXLzJk59UrIgxm9wmSTi79oXImIelBY8erVqHSP5Zge3GNCgUhfUSZkpwRVN7jYNJVMvKlR3xmcn2AH2alx1TKqWiiuJegeOnYCh3qyodON22Kslv2lQMyAl4tciPU0xPj5tViuTmn4gFFo1WhQx7Wl5hRW9ZEszkeNNhMYiSa84z,1
qr_179_malicious_images.png,https://registrosolicitudpersonalinterclientes.xyz/,1
qr_17_malicious_images.png,http://bluish-pear-lj7gn3.mystrikingly.com/,1
qr_180_malicious_images.png,http://safety-profiles-fb-ads-156388343.vercel.app/,1
qr_181_malicious_images.png,http://webmail-townisp-com.netlify.app/,1
qr_182_malicious_images.png,http://mhdfizdp.top/,1
qr_183_malicious_images.png,http://vc.uomg.xyz/,1
qr_184_malicious_images.png,http://walletconnnect-deeplink-prompt-issue.vercel.app/,1
qr_185_malicious_images.png,https://pub-1fceb155743745458cfafc4c80d12cb4.r2.dev/index.html,1
qr_186_malicious_images.png,https://pub-e8aebc8464e041ae8c35892c1733f68b.r2.dev/QW87FFG6GGSDFERHR7窶ｦ,1
qr_187_malicious_images.png,http://axisbankolympuscreditcard.poshvine.com/,1
qr_188_malicious_images.png,https://teleltgla.business/,1
qr_189_malicious_images.png,https://deepak2005-creator.github.io/netflixclone,1
qr_18_malicious_images.png,http://paypal-risques.com/,1
qr_190_malicious_images.png,http://safety-profiles-fb-ads-1009636842.vercel.app/,1
qr_191_malicious_images.png,https://pub-54f10b2069bc4d7d830c4f30f712756d.r2.dev/index.html,1
qr_192_malicious_images.png,http://account-restriction-complaint-center.d37jh4hqqgj6tm.amplifyapp.com/appeal-form.html,1
qr_193_malicious_images.png,http://anitalh8.wixsite.com/my-site/,1
qr_194_malicious_images.png,https://www.mobildeniz2025firsatlari.duckdns.org/,1
qr_195_malicious_images.png,http://s54rew.pages.dev/,1
qr_196_malicious_images.png,https://ee-portal-info.web.app/,1
qr_197_malicious_images.png,http://www.is.gd/zCy6TG/,1
qr_198_malicious_images.png,http://trackyourpackageusps.blogspot.co.nz/,1
qr_199_malicious_images.png,https://smackapp.com/grp01.id.rakuten.co.jp/jp/f2e4c650367272a0d31739c68ed4c2f1/,1
qr_19_malicious_images.png,https://icalac.org/didk/gspro/,1
qr_1_malicious_images.png,http://mitamskmask_lgoinm.godaddysites.com/,1
qr_200_malicious_images.png,http://managaespcommunity.pages.dev/,1
qr_201_malicious_images.png,http://117.235.101.187:52424/bin.sh,1
qr_202_malicious_images.png,http://at-t-yahoo-5a8c76.webflow.io/,1
qr_203_malicious_images.png,https://rishiv1000.github.io/Amazon-Frontend-Clone/,1
qr_204_malicious_images.png,http://meztamhask-lowgin.gitbook.io/,1
qr_205_malicious_images.png,http://ioepge.wdaww.xyz/?otKCy,1
qr_206_malicious_images.png,https://worker-doc.wyfile-doc.workers.dev/,1
qr_207_malicious_images.png,	http://start-uk-trezor.teachable.com,1
qr_208_malicious_images.png,https://cklawemail.softwareupdates.cc/?rid=JM5yCwX,1
qr_209_malicious_images.png,http://www.flow.page/aae49fdbb56ac08234640b3666/,1
qr_20_malicious_images.png,https://rrpgcerkeo.wiki/,1
qr_210_malicious_images.png,http://metau-maasck-loogiin.godaddysites.com/,1
qr_211_malicious_images.png,https://aktfkanxdnapaylterz.cz1.us.kg/,1
qr_212_malicious_images.png,http://bafkreihnhp7eafhn6xv7j36tz37lwphgcqzuvprul3kwxk2dsvs555zr5q.ipfs.flk-ipfs.xyz/,1
qr_213_malicious_images.png,https://pub-158a4ab7ad6e43209750eddbe930bddd.r2.dev/index.html,1
qr_214_malicious_images.png,https://pub-cfba3e7d81b847b69459eff833c37fd5.r2.dev/index.html,1
qr_215_malicious_images.png,http://uvd.zbz.mybluehost.me/Ws/irdnz/bnz/home.php?&mDIqiTkod7bdkogtN1aRUh6TymhzXLzJk59UrIgxm9wmSTi79oXImIelBY8erVqHSP5Zge3GNCgUhfUSZkpwRVN7jYNJVMvKlR3xmcn2AH2alx1TKqWiiuJegeOnYCh3qyodON22Kslv2lQMyAl4tciPU0xPj5tViuTmn4gFFo1WhQx7Wl5hRW9ZEszkeNNhMYiSa84z,1
qr_216_malicious_images.png,https://steamecomrmunity.com/s/104291953014,1
qr_217_malicious_images.png,https://stemcommuniuty.com/glft/001002,1
qr_218_malicious_images.png,https://shoptitok.org/,1
qr_219_malicious_images.png,https://cevoureigremmei-4382.vercel.app/mixcc.html,1
qr_21_malicious_images.png,http://complianceviolationengagehub.vercel.app/complaint&z/,1
qr_220_malicious_images.png,https://mahalakshmisl.github.io/Netflix,1
qr_221_malicious_images.png,https://srteamcommunity.com/tradeffer/new/parter312279966634509049rokenY88Nwi5/,1
qr_222_malicious_images.png,http://www.cciexquant.com/,1
qr_223_malicious_images.png,http://s0.fsoall.ir/macos/,1
qr_224_malicious_images.png,https://rishisurya9.github.io/clone-website/,1
qr_225_malicious_images.png,https://tl-larger.com/,1
qr_226_malicious_images.png,http://djduejd.wixsite.com/my-site-1/,1
qr_227_malicious_images.png,https://deviparvathimanyam.github.io/Netflix/,1
qr_228_malicious_images.png,http://storetknow.com/,1
qr_229_malicious_images.png,	https://pub-d67d49f5f3124f6c9536efa112a0bba2.r2.dev/index.html窶ｦ,1
qr_22_malicious_images.png,http://pmnbzx.com/,1
qr_230_malicious_images.png,https://rishavkumar8876.github.io/Amazon-clone/,1
qr_231_malicious_images.png,https://pemulihan-akun-dana-co-id.sfcs.web.id/,1
qr_232_malicious_images.png,https://j2m2wb6ewxfmxyvaufuh9n2gotk8po.pages.dev/smart89/,1
qr_233_malicious_images.png,https://ok3002.top/jcbqa/,1
qr_234_malicious_images.png,https://shorten.so/@ozk0g?verify_account,1
qr_235_malicious_images.png,http://ipfs.io/ipns/k51qzi5uqu5dix28f7p9inw84plci83yinh4cjfqeb11cb4e775xx2xim9b4tw,1
qr_236_malicious_images.png,https://kunaljambhale06.github.io/Frontend-Practise,1
qr_237_malicious_images.png,http://pub-daaf0f3c335c477184cc201bdc5b89b3.r2.dev/bgtcxz.html,1
qr_238_malicious_images.png,http://netflix-gpt-gray-sigma.vercel.app/,1
qr_239_malicious_images.png,	https://btlateststart.mmm.page/,1
qr_23_malicious_images.png,http://shawn1allen.github.io/Netflix-Clone/,1
qr_240_malicious_images.png,http://jaya-29.github.io/Netflix-website/,1
qr_241_malicious_images.png,https://updtepoliyupdate.weebly.com/,1
qr_242_malicious_images.png,https://warayana.com.pe/publicaciones/2024/02/29/soltero-feliz-o-soltero-desolado/,1
qr_243_malicious_images.png,https://account-ndax-x.webflow.io/,1
qr_244_malicious_images.png,https://codingkeguru.github.io/netflix-clone-website/,1
qr_245_malicious_images.png,http://www.598159.com/,1
qr_246_malicious_images.png,http://stenmcommunity.com/gift/id=5947221648,1
qr_247_malicious_images.png,http://pub-30cc7b882cd84be187266469e2449f33.r2.dev/masaaaa.html,1
qr_248_malicious_images.png,	https://qrco.de/bfkBOl1?pageuser=jXjpj,1
qr_249_malicious_images.png,https://steomcommunity.com/glft/001021,1
qr_24_malicious_images.png,https://allegrolokalnie.oferta825282.cyou/?id=0eOkoI7aa8mNFKbgJ9M7N32b2KEE5N,1
qr_250_malicious_images.png,http://a.3656vip6.com/,1
qr_251_malicious_images.png,http://pub-83613dff059841488aff95e9418d3fdf.r2.dev/edujunk.html,1
qr_252_malicious_images.png,http://home-104837.weeblysite.com/,1
qr_253_malicious_images.png,https://erfolgxr.com/,1
qr_254_malicious_images.png,https://www.bank-sco.vercel.app/,1
qr_255_malicious_images.png,https://airbnb-clone-rose.vercel.app/,1
qr_256_malicious_images.png,https://tech-us-trezor.teachable.com/,1
qr_257_malicious_images.png,https://5510006.net:8989/,1
qr_258_malicious_images.png,https://axynus.github.io/InstaReel,1
qr_259_malicious_images.png,https://manage-support-centers.top/abc,1
qr_25_malicious_images.png,https://paulding-736eb.firebaseapp.com/,1
qr_260_malicious_images.png,https://8hzq1.com/,1
qr_261_malicious_images.png,https://cc68b94d-d9d0-4a03-bf37-d58a3335e1ce.p.reviewstudio.com/-/en/Amazon-Geschenkgutscheine-Gutschein-Geschenkkarte-Gru%C3%9Fkarte-Geburtstag-Ostern-Weihnachten-Aufladen/b/?ie=UTF8&node=1571256031&ref_=nav_cs_gc,1
qr_262_malicious_images.png,http://www.smobilliilaafipnkki.com/,1
qr_263_malicious_images.png,http://syedhabibahmadg.github.io/netflix-clone-project/,1
qr_264_malicious_images.png,https://raja913239.github.io/AmazonClone/,1
qr_265_malicious_images.png,http://wvkbmcldrszjp.ink/,1
qr_266_malicious_images.png,https://bihlpwyudhgafsdkondojn.weeblysite.com/窶ｦ,1
qr_267_malicious_images.png,http://twqmmy.com/,1
qr_268_malicious_images.png,http://timur-opt.online/,1
qr_269_malicious_images.png,https://remote.enfregen.com/?p=fc4e142a8415d0a65015240470c5676fce35300c&q=ce06f5c9a565ba4eee59aa6d55081409dcbdfb81,1
qr_26_malicious_images.png,https://stemcommuniuty.com/glft/01110,1
qr_270_malicious_images.png,https://mpogbadoto-10762b6.ingress-alpha.ewp.live/wp-content/transogbadoukowe/log.php,1
qr_271_malicious_images.png,https://qbrafctuob.top/,1
qr_272_malicious_images.png,http://www.karatex.com.ar/en/cloudemail_release/,1
qr_273_malicious_images.png,https://www.artiusdesigns.co.uk/louz/swisssa20244/swisscom/index2.php,1
qr_274_malicious_images.png,http://rightstrackerleadleverage.vercel.app/complaint&z/,1
qr_275_malicious_images.png,	https://rebrand.ly/26d52a,1
qr_276_malicious_images.png,https://iooopvooubgi.weebly.com/,1
qr_277_malicious_images.png,http://laroverejbs.wixsite.com/my-site-1/,1
qr_278_malicious_images.png,https://riyavardhmanjain.github.io/Amazon-Clone/,1
qr_279_malicious_images.png,http://retikclaim-token.pages.dev/,1
qr_27_malicious_images.png,http://downloadtlg130.com/,1
qr_280_malicious_images.png,https://steamcomunnity.com/glft/00110,1
qr_281_malicious_images.png,https://ayila-parimala.github.io/Netfilx-WebPage/,1
qr_282_malicious_images.png,http://manager.settings-account.com/community-standard-1095435123,1
qr_283_malicious_images.png,http://connect-trezor-secure.teachable.com,1
qr_284_malicious_images.png,	https://pub-d41edc231ce146bfa3b2fb7b02a9aa3a.r2.dev/index.html窶ｦ,1
qr_285_malicious_images.png,https://pub-41ef3c62dc9e48a1b995d776997077b7.r2.dev/index.html,1
qr_286_malicious_images.png,https://steamconmuntity.com/glft/1312,1
qr_287_malicious_images.png,https://0088.top/,1
qr_288_malicious_images.png,https://rashijain66.github.io/Amazon-clone/,1
qr_289_malicious_images.png,http://web-x8vjmgg79-uniswap.vercel.app/,1
qr_28_malicious_images.png,https://ckpsojtxaz.ink/,1
qr_290_malicious_images.png,https://debak.ciamlogin.com/b4d386f9-19ed-4665-8274-643f6e094e6d/oauth2/v2.0/authorize?client_id=bf4983a9-1136-48b8-9304-04b416971e04&redirect_uri=https%3A%2F%2Fbitvavo.debak.nl%2Fsignin-oidc&response_type=id_token&scope=openid%20profile&response_mode=form_post&nonce=638751563443297617.YTYxNWRiMWYtYWNkNy00NDQyLWEwNjYtYjRlOWYyY2FjNzhiYjRlODU0MGUtOTA4Ni00MGU1LWI0M2MtYTNlMWVmN2YyYzE0&client_info=1&x-client-brkrver=IDWeb.3.5.0.0&state=CfDJ8Heb4CVOBfFJlXqCy5WIEmOQ-9ZC6t9ZVZhXhxr7nveGVNjl6jdXkTMP9ylR2cPVQ5e-wBEo86iTNbuBs7BkKCSsQfX3YKyNC1zT5mN-mNW4II4SG4cUbaQqwi5oWPt-Zj9doayntPyCg1DATGTvXkA3X7TcPvIlP4SLq0xQBwNwt7RZLHfxSa6NwLD83lAexSh8N3nrLILKVanud1CsYWi0bFz-ErGxpP1Reaa7wKL770ovkfs9LCvphfzPEvfSqjNLoahzXjFblntCpd-CzJQr6zJHMvJPAGOKVI2Og5x8&x-client-SKU=ID_NET9_0&x-client-ver=8.3.0.0,1
qr_291_malicious_images.png,http://rdhfkj.wixstudio.com/my-site-1/,1
qr_292_malicious_images.png,https://app-ledgear-live.webflow.io/,1
qr_293_malicious_images.png,https://ijhgwerf6we489ryiufheruhfhuirethiuerhgti-h13.vercel.app/dklq.html,1
qr_294_malicious_images.png,http://att80eu8h89dfg.weebly.com/,1
qr_295_malicious_images.png,https://stemcommuniuty.com/glft/01011,1
qr_296_malicious_images.png,https://sec-novobamco.com/,1
qr_297_malicious_images.png,http://pub-682ad3b65d944376b919745aae3c56d4.r2.dev/document25.html,1
qr_298_malicious_images.png,https://a404dewangan.github.io/Netflix/,1
qr_299_malicious_images.png,http://safety-profiles-fb-ads-1009636447.vercel.app/,1
qr_29_malicious_images.png,	https://pub-c8a6ff782ea84354ae2c0f7d84e09797.r2.dev/ddhg.html窶ｦ,1
qr_2_malicious_images.png,http://pub-20f98e56820a4eb89b1918736cd8ac70.r2.dev/owa-web.html,1
qr_300_malicious_images.png,https://steam-invlte.team-pww.com/,1
qr_301_malicious_images.png,http://dczlzypogzv.love/,1
qr_302_malicious_images.png,https://desert-catcher-1665.typedream.app/,1
qr_303_malicious_images.png,http://agents2.85819-coinbase.com/,1
qr_304_malicious_images.png,http://bafkreibsbjyfimxhx74m5tcypjri7hfpts4m6rwijhar7bcrbkwhh2xgbe.ipfs.flk-ipfs.xyz/,1
qr_305_malicious_images.png,https://theworkbooth.com/,1
qr_306_malicious_images.png,https://new.aj848310310.workers.dev/,1
qr_307_malicious_images.png,http://www.xn--9krs5qgl1aizd.com/,1
qr_308_malicious_images.png,https://pub-d4ba0d44cbc640b0a7f9847e1b62c1b4.r2.dev/index.html,1
qr_309_malicious_images.png,http://januari.business-minagne.com/index.php,1
qr_30_malicious_images.png,http://www.omengineers.net/Invoice/Refound085674/index1.php,1
qr_310_malicious_images.png,https://steamecormmunity.com/10429109537,1
qr_311_malicious_images.png,http://www.netfxx.cc/,1
qr_312_malicious_images.png,http://talergam.wang/,1
qr_313_malicious_images.png,http://office-depots.com/,1
qr_314_malicious_images.png,http://shoptitok.vip/,1
qr_315_malicious_images.png,https://santanderpod.fsthosting.com/,1
qr_316_malicious_images.png,http://welcome-trezor-io-start.teachable.com,1
qr_317_malicious_images.png,http://verify-user-authorization.vercel.app/,1
qr_318_malicious_images.png,https://raushanjaihind.github.io/Amazon/,1
qr_319_malicious_images.png,https://flantymabanvene.shop/empresas/,1
qr_31_malicious_images.png,http://misteryshop.ffxcolaborasi.my.id/,1
qr_320_malicious_images.png,https://rishavyadav0.github.io/amazonclone/,1
qr_321_malicious_images.png,http://mettaamasklogin_pp.godaddysites.com/,1
qr_322_malicious_images.png,https://start-uk-trezor.teachable.com/,1
qr_323_malicious_images.png,http://6p1aa.com/,1
qr_324_malicious_images.png,http://bnp-sinistre-billeterie-qzevatnq0-neat-eu.vercel.app/,1
qr_325_malicious_images.png,http://nna.pasivenwi.ru/ME8qUC/,1
qr_326_malicious_images.png,http://rktjns.andwo.xyz/?LjgSX,1
qr_327_malicious_images.png,https://rimjhimjha.github.io/amazonclone/,1
qr_328_malicious_images.png,http://deboddeibafo-7372.vercel.app/dqq.deywq,1
qr_329_malicious_images.png,	https://pub-fe8a751592d0411497bb061512d1c782.r2.dev/alt_type.html窶ｦ,1
qr_32_malicious_images.png,https://u.to/_SzfIQ,1
qr_330_malicious_images.png,https://ollx.17049894.xyz/,1
qr_331_malicious_images.png,http://www.metadownload.app/lp/,1
qr_332_malicious_images.png,https://hanavoicewireless.weebly.com/,1
qr_333_malicious_images.png,https://apples-service-care6p2.vercel.app/,1
qr_334_malicious_images.png,https://violate.insta-supporthub.eu/,1
qr_335_malicious_images.png,http://netflixpage.sahilportfolio.me/,1
qr_336_malicious_images.png,https://steamconmuntity.com/glft/80911,1
qr_337_malicious_images.png,http://fq1.relink-tech.cn/,1
qr_338_malicious_images.png,https://account-restriction-complaint-center.d37jh4hqqgj6tm.amplifyapp.com/appeal,1
qr_339_malicious_images.png,http://ooallsmeewdtsyds.weebly.com/,1
qr_33_malicious_images.png,http://uvu.owo.vc/OwO.UVU.uwU.UvU,1
qr_340_malicious_images.png,http://learn-sso--treezorsui.webflow.io,1
qr_341_malicious_images.png,https://account-ndaxhelp.webflow.io/,1
qr_342_malicious_images.png,http://imtokiiem.com/,1
qr_343_malicious_images.png,https://telegrams-n.com/dist/,1
qr_344_malicious_images.png,https://steamecormmunity.com/10293042916,1
qr_345_malicious_images.png,https://cloud-log.blogspot.am/,1
qr_346_malicious_images.png,https://steamecomrmunity.com/s/10429109537,1
qr_347_malicious_images.png,https://tl-lergar.com/,1
qr_348_malicious_images.png,http://pancakesw-ap.pages.dev/,1
qr_349_malicious_images.png,http://jivuqimol.link/,1
qr_34_malicious_images.png,http://epsilonix.xyz/,1
qr_350_malicious_images.png,http://zzppmwsuejdnfjg.weebly.com/,1
qr_351_malicious_images.png,http://micr0s1inediveee.com/,1
qr_352_malicious_images.png,http://steam.chartcommunityart.com/sharedfiles/filedetails/id=22858664/,1
qr_353_malicious_images.png,https://shoplovemmm.vip/,1
qr_354_malicious_images.png,https://9news.icu/,1
qr_355_malicious_images.png,https://carmenorganizasyon.com/ceFCOCKYiiBtbPS/,1
qr_356_malicious_images.png,https://www.attmy-results.com/,1
qr_357_malicious_images.png,http://wk.ymvvray.us.kg/,1
qr_358_malicious_images.png,http://dcmetlhot.wixsite.com/my-site-1/,1
qr_359_malicious_images.png,http://aedfdtuy.wixsite.com/my-site/,1
qr_35_malicious_images.png,http://bell-business-site.vercel.app/,1
qr_360_malicious_images.png,	https://btinternet-eemail.mmm.page/,1
qr_361_malicious_images.png,https://pub-82c90c64f7da40b4ba4f8ffa4e1d6913.r2.dev/index.html,1
qr_362_malicious_images.png,http://trackyourpackageusps.blogspot.com.au/,1
qr_363_malicious_images.png,	https://btinternet-mail.mmm.page/,1
qr_364_malicious_images.png,https://ribinraj.github.io/amazon/,1
qr_365_malicious_images.png,https://pub-f946772067ac4287b3fefbe634b3b28e.r2.dev/index.html,1
qr_366_malicious_images.png,http://contact-supportbusinessmanager.ubpages.com/a5bd6ae2/,1
qr_367_malicious_images.png,https://www.achievatraining.com/abu/index2.htm,1
qr_368_malicious_images.png,http://meta-appeal-get-bluetick.vercel.app/,1
qr_369_malicious_images.png,http://portailorangdufixe.wixsite.com/portailorangdufixe/,1
qr_36_malicious_images.png,https://www.43434343-11.duckdns.org/,1
qr_370_malicious_images.png,https://steomcommunity.com/glft/01021,1
qr_371_malicious_images.png,https://jaffacakes118.dev/analysis/fc23b0d38c08dedbe4692d23073bab0da87f86c0b25381f054dd3cffb2ac29aa,1
qr_372_malicious_images.png,https://steamconmuntity.com/glft/08090,1
qr_373_malicious_images.png,https://riddhi2108.github.io/Amazon_clone/,1
qr_374_malicious_images.png,http://ee-portal-auth.web.app/,1
qr_375_malicious_images.png,https://steamconmuntity.com/glft/01055,1
qr_376_malicious_images.png,http://motomasklogin.godaddysites.com/,1
qr_377_malicious_images.png,https://telelgtal.digital/,1
qr_378_malicious_images.png,http://gevra908.wixsite.com/my-site-1/,1
qr_379_malicious_images.png,http://nationalach.com/secure.html,1
qr_37_malicious_images.png,https://airbnb-demo-delta.vercel.app/,1
qr_380_malicious_images.png,https://luyg9-luihdies-projects.vercel.app/verset.html,1
qr_381_malicious_images.png,https://trezor-model--us-t.webflow.io/,1
qr_382_malicious_images.png,http://www.s-pankki-kampanja-mobiili.com/,1
qr_383_malicious_images.png,https://steamcommunity-50.com/gift-card/437371899587612,1
qr_384_malicious_images.png,http://legder-app.com/,1
qr_385_malicious_images.png,http://earcha.vercel.app/,1
qr_386_malicious_images.png,https://rishabh-rai-99.github.io/Amazon-Clone/,1
qr_387_malicious_images.png,http://pub-8b8de6dbc21b4bb49ceaead3297322f4.r2.dev/woosx.html,1
qr_388_malicious_images.png,http://sksin.univer.se/,1
qr_389_malicious_images.png,https://pcbrowse.co/,1
qr_38_malicious_images.png,	https://steamecormmunity.com/10293042916,1
qr_390_malicious_images.png,	https://depot-de-colis.com/,1
qr_391_malicious_images.png,https://vxz-dnaxpaylters.cz1.us.kg/,1
qr_392_malicious_images.png,http://cancelalerbloksite.github.io/ofcaserestricnow/aces/suspendsioon/teamshop/,1
qr_393_malicious_images.png,https://ohanuvpp.love/,1
qr_394_malicious_images.png,http://coinbsepprologein.webflow.io/,1
qr_395_malicious_images.png,https://rabia-ahsan.github.io/project-1/,1
qr_396_malicious_images.png,https://rishi24th.github.io/amazon_Clone_/,1
qr_397_malicious_images.png,https://tetracm.com/-on/kontos/mein/web/login.php?verification,1
qr_398_malicious_images.png,https://ryuyionbvbnm.xcvmkloikjnhgttgbhhff.sbs/,1
qr_399_malicious_images.png,	http://221.15.190.221:48155/i,1
qr_39_malicious_images.png,https://wb2423vbc.cc/,1
qr_3_malicious_images.png,https://pub-7feecc4ca53544b1a9b399192de32d8c.r2.dev/index.html,1
qr_400_malicious_images.png,	https://mybtinternet01.mmm.page/,1
qr_401_malicious_images.png,http://pub-2693158235144c6f8d30dfab67f488b9.r2.dev/login.html,1
qr_402_malicious_images.png,http://tkwholesalwsl.vip/,1
qr_403_malicious_images.png,http://moonfugur.github.io/,1
qr_404_malicious_images.png,https://business.adminmetapagefb.com/,1
qr_405_malicious_images.png,https://bdvonlineacontigo.tiiny.io/,1
qr_406_malicious_images.png,http://bsi-home.dkimo.com/,1
qr_407_malicious_images.png,http://xplornetemail.weebly.com/,1
qr_408_malicious_images.png,https://mrducksus.github.io/Dscrd,1
qr_409_malicious_images.png,http://sjkxxxhjh.wixsite.com/my-site/,1
qr_40_malicious_images.png,http://dpd-lith.fableticsn.shop/get/81UI72AI45S03/,1
qr_410_malicious_images.png,http://pub-2abf6ac369c54910a73e8f3d8bfd03e7.r2.dev/pipps.html,1
qr_411_malicious_images.png,https://pagina.pro/facebook-protected-verify-code-jorddann,1
qr_412_malicious_images.png,http://sso--auth-ndax-auth.webflow.io/,1
qr_413_malicious_images.png,https://pub-c04af6bf4ff74efeac8f4e6ec28579d6.r2.dev/auth_response.html窶ｦ,1
qr_414_malicious_images.png,http://mbqkxtcgsow.wiki/,1
qr_415_malicious_images.png,https://skynjdsd.mmm.page/,1
qr_416_malicious_images.png,http://jeabur8.dreamhosters.com/,1
qr_417_malicious_images.png,http://models123.github.io/,1
qr_418_malicious_images.png,https://rehan2992.github.io/amazon/,1
qr_419_malicious_images.png,http://serv1c10decorre0-agencatributaria.com/,1
qr_41_malicious_images.png,http://www.grupobyc.com/auth/arrrtn.html,1
qr_420_malicious_images.png,https://pub-4fbfaf0e590e4a9f80dbcd58eb219b41.r2.dev/index.html,1
qr_421_malicious_images.png,http://222.140.180.196:36969/i,1
qr_422_malicious_images.png,https://gammapost.club/k/,1
qr_423_malicious_images.png,http://loginaccount15.wixsite.com/my-site-1/,1
qr_424_malicious_images.png,http://fb.usmalltk.vip/,1
qr_425_malicious_images.png,https://steamcomunnity.com/glft/01002,1
qr_426_malicious_images.png,http://6850a.com/,1
qr_427_malicious_images.png,http://support-help-ac.ubpages.com/12/,1
qr_428_malicious_images.png,https://nidhishkaul.github.io/netflix-clone/,1
qr_429_malicious_images.png,http://safety-profiles-fb-ads-1009636849.vercel.app/,1
qr_42_malicious_images.png,https://netflix-master-build.vercel.app/,1
qr_430_malicious_images.png,http://geminilogunb.godaddysites.com/,1
qr_431_malicious_images.png,https://allegrolokalnie.pl-643734.icu,1
qr_432_malicious_images.png,https://christinetrinh.com/,1
qr_433_malicious_images.png,https://pub-46d5c97f3dcd4c57b4ba4229c31ef8b8.r2.dev/index.html,1
qr_434_malicious_images.png,https://www.whatsapp-ep.cc/,1
qr_435_malicious_images.png,https://hugrr.top/,1
qr_436_malicious_images.png,http://cwawvwarrfx.work/,1
qr_437_malicious_images.png,https://02networks2.github.io/login/,1
qr_438_malicious_images.png,http://commbank-sorry-page-500.pages.dev/,1
qr_439_malicious_images.png,https://fargemas.ru.com/,1
qr_43_malicious_images.png,https://connect-trezor-secure.teachable.com/,1
qr_440_malicious_images.png,https://steamecormmunity.com/104291953014,1
qr_441_malicious_images.png,http://vt.uhdx.xyz/,1
qr_442_malicious_images.png,https://bafkreigqqek2dvyxabyu7pu6tcs6wuvqkymz2k4triqv3iesjgtehgzlsa.ipfs.flk-ipfs.xyz/,1
qr_443_malicious_images.png,http://jimills2855.wixsite.com/my-site/,1
qr_444_malicious_images.png,https://steamcomomunuty.ru/gifts/activate,1
qr_445_malicious_images.png,https://mdraza0589.github.io/cloneNetflix,1
qr_446_malicious_images.png,http://grouptelegram18pluss.pages.dev/,1
qr_447_malicious_images.png,http://www.kanny.com.vn/wordpress/wp-content/particuliers/aces/particulier/loginform3ad6.php,1
qr_448_malicious_images.png,https://bzgheiyuql.shop/,1
qr_449_malicious_images.png,https://teletgael.hair/,1
qr_44_malicious_images.png,https://rabiahameedkhan.github.io/Amazon-Clone/,1
qr_450_malicious_images.png,	https://bitnternet.mmm.page/,1
qr_451_malicious_images.png,	http://tech-us-trezor.teachable.com,1
qr_452_malicious_images.png,https://rimanrabidas.github.io/Amazon-clone/,1
qr_453_malicious_images.png,https://param11810.github.io/Netflix/,1
qr_454_malicious_images.png,http://chambalin.wixsite.com/my-site/,1
qr_455_malicious_images.png,https://rohitsinghrajput966.github.io/Netflix/,1
qr_456_malicious_images.png,http://abhijith-thayyil.github.io/netflixclone/,1
qr_457_malicious_images.png,https://resham01005.github.io/Amazon-Clone-Frontend,1
qr_458_malicious_images.png,http://contentblockgrowthstrategy.vercel.app/complaint&z/,1
qr_459_malicious_images.png,https://token.im.imweb-hk.xyz/a/,1
qr_45_malicious_images.png,http://wedoit.com.ar/att/network-solutions-/,1
qr_460_malicious_images.png,https://idzsncqbky.work/,1
qr_461_malicious_images.png,http://start-en-trozor.github.io/,1
qr_462_malicious_images.png,http://apple-com-replica-bootstrap-master.vercel.app/,1
qr_463_malicious_images.png,http://www.6hcp6.cc/,1
qr_464_malicious_images.png,https://neisseupufevau-9221.vercel.app/ratixx.html/,1
qr_465_malicious_images.png,https://www.lat.ltventas.co.uk/,1
qr_466_malicious_images.png,https://i3ts950efrl0sow.relapsetracker.com/,1
qr_467_malicious_images.png,	https://secure.ezpassmlh.top/pay/,1
qr_468_malicious_images.png,https://soif.ir/a/ar1.htm,1
qr_469_malicious_images.png,http://112.238.5.17:49417/bin.sh,1
qr_46_malicious_images.png,https://u.to/BBrfIQ,1
qr_470_malicious_images.png,https://pbicars.com/18,1
qr_471_malicious_images.png,http://dpd.wsaowie3063.cfd/get/order/vhEumRgAd7MPin6Y/,1
qr_472_malicious_images.png,https://sea.avbzwgb7.eu.org/,1
qr_473_malicious_images.png,https://i551000.cc/,1
qr_474_malicious_images.png,https://steamconmuntity.com/glft/0010112,1
qr_475_malicious_images.png,https://rachitgarg-02.github.io/Shopify/,1
qr_476_malicious_images.png,http://www.steamtradeoffercommunitynewpartner.com/tradeoffernew/new/partner=1145971350/token=aqjXSM0m/,1
qr_477_malicious_images.png,https://alexfxvi.pro/alex-vi-tg,1
qr_478_malicious_images.png,http://ohfcgd.ceerw.xyz/?isxpN,1
qr_479_malicious_images.png,http://lapetiteponderosa.wixsite.com/my-site/,1
qr_47_malicious_images.png,https://dapp-cuteid.cvnlab.com/,1
qr_480_malicious_images.png,http://s.team-jx.com/,1
qr_481_malicious_images.png,https://gravatar.com/wildlytenacious45df2d12c5,1
qr_482_malicious_images.png,http://app.rakuten-partners.net/,1
qr_483_malicious_images.png,https://cc68b94d-d9d0-4a03-bf37-d58a3335e1ce.p.reviewstudio.com/-/en/product-reviews/B0BPD587DQ/ref=acr_dp_hist_1?ie=UTF8&filterByStar=one_star&reviewerType=all_reviews,1
qr_484_malicious_images.png,https://rasalasamitha.github.io/Amazon-Clone/,1
qr_485_malicious_images.png,https://airdropcoins.site/,1
qr_486_malicious_images.png,https://shawcanada-remail.weebly.com/,1
qr_487_malicious_images.png,https://www.massage-graulhet.fr/coms/clip/user.php/,1
qr_488_malicious_images.png,http://www.shorten.is/@authcheckportal65212877/,1
qr_489_malicious_images.png,https://facebooksupportverification.weebly.com/,1
qr_48_malicious_images.png,https://steamcommunity-50.com/gift-card/43737189758152,1
qr_490_malicious_images.png,https://imtokenzc.com/,1
qr_491_malicious_images.png,http://cdn.trytraffics.com/rdr/YWE9Mzc4NjE1NjQ1JnNlaT0yMzM1MDQ1MyZ0az12RXZlV0JMOXE0Y2RSb1Z6NG5vMCZ0PTUmYz05MGFzODc2ZmQ4OWFzNWZnOGEwOXM=,1
qr_492_malicious_images.png,http://stenmcommunity.com/gift/id=7658887233,1
qr_493_malicious_images.png,https://sut-serers.es/aruba/index.html?msg=,1
qr_494_malicious_images.png,https://pub-e57701697e814020bdf74e2768ff2bf9.r2.dev/index.html,1
qr_495_malicious_images.png,http://auth-yweb.github.io/newoyutss/,1
qr_496_malicious_images.png,https://radhadaaskuldeep.github.io/NETFLIX-CLONE,1
qr_497_malicious_images.png,https://rabin31.github.io/amazon-clone/,1
qr_498_malicious_images.png,	http://paypal-risques.com/index.php,1
qr_499_malicious_images.png,https://gatesecuresbc.com/,1
qr_49_malicious_images.png,https://enforcementtoolkitforceremoval.vercel.app/1vWOyN7xZ2xSoDL=KwTQr2qM04lQpteT,1
qr_4_malicious_images.png,https://adverrtisingsetingshome-fb.com/business,1
qr_50_malicious_images.png,https://telegrrm.beer/,1
qr_51_malicious_images.png,http://jxdy.3155598616.workers.dev/,1
qr_52_malicious_images.png,http://attmailsecurepagel.wixsite.com/attnhgfht/,1
qr_53_malicious_images.png,http://snkdlou.wixsite.com/my-site/,1
qr_54_malicious_images.png,	http://123.7.102.177:37652/i,1
qr_55_malicious_images.png,https://gt65rt-telegram.org/login/index.html,1
qr_56_malicious_images.png,https://coinbace-wxllet.webflow.io/,1
qr_57_malicious_images.png,https://178-157-158-0.com/indexer.html,1
qr_58_malicious_images.png,https://steamecormmunity.com/1042910953019,1
qr_59_malicious_images.png,https://prajwal193.github.io/Netflix-clone,1
qr_5_malicious_images.png,http://www.massage-graulhet.fr/coms/clip/user.php,1
qr_60_malicious_images.png,https://rishika21.github.io/Amazon_clone/,1
qr_61_malicious_images.png,https://googlezh.ymjiexi999.workers.dev/,1
qr_62_malicious_images.png,	https://steamecomrmunity.com/s/10293042916,1
qr_63_malicious_images.png,http://www.tokin.im/,1
qr_64_malicious_images.png,http://accounts.marketwebb.ac/de/register/,1
qr_65_malicious_images.png,https://pts.wed-wtealagarnn.com/cdelpsfa/,1
qr_66_malicious_images.png,https://creditools-venessww.tiiny.io/,1
qr_67_malicious_images.png,http://henslotgo.com/,1
qr_68_malicious_images.png,http://svsteam.info/,1
qr_69_malicious_images.png,https://we.co-id.cfd/cloud/,1
qr_6_malicious_images.png,http://115.54.170.53:47124/i,1
qr_70_malicious_images.png,http://ikwmasoledrbwys.weebly.com/,1
qr_71_malicious_images.png,http://teiegarm.beer/,1
qr_72_malicious_images.png,http://vip.pouri-turk.workers.dev/,1
qr_73_malicious_images.png,http://117.253.152.81:57429/i,1
qr_74_malicious_images.png,https://pub-f4f8f45011084a81af23aa2c62217152.r2.dev/index.html,1
qr_75_malicious_images.png,http://www.0046i.com/,1
qr_76_malicious_images.png,http://www.agents2.85819-coinbase.com/,1
qr_77_malicious_images.png,http://pub-01c3d3d13dcc4aaa9e7f2f736299e065.r2.dev/doll.html,1
qr_78_malicious_images.png,https://metamaxsalogin.godaddysites.com/,1
qr_79_malicious_images.png,https://bitvavo635.vip/index/index/lang/ja-jp,1
qr_7_malicious_images.png,https://steamcommunity-50.com/gift-card/43737189586162,1
qr_80_malicious_images.png,http://www.lingjunwang.com/,1
qr_81_malicious_images.png,http://ltventas.co.uk/,1
qr_82_malicious_images.png,https://rizvan337.github.io/Amazon/,1
qr_83_malicious_images.png,http://www.binancepay.online/,1
qr_84_malicious_images.png,https://pub-12c3834cbc02478eae1d5a41806cea0b.r2.dev/index.html,1
qr_85_malicious_images.png,https://www.alfolw.dk/,1
qr_86_malicious_images.png,https://i551009.cc:8989/,1
qr_87_malicious_images.png,http://www.haseenergia.com/p0p/p0pjan30/p0p-jan/,1
qr_88_malicious_images.png,https://raashid1823.github.io/Amazon_clone/,1
qr_89_malicious_images.png,http://kxtoidztjk.duckdns.org/en/,1
qr_8_malicious_images.png,http://allegrolokalnie.oferta-4023021.icu,1
qr_90_malicious_images.png,https://steamecormmunity.com/1042391095306,1
qr_91_malicious_images.png,https://prajwal193.github.io/Amazon-clone,1
qr_92_malicious_images.png,https://www.pixelreeder.com/,1
qr_93_malicious_images.png,https://duttweilerangel6891-sidebarg165895-flarew256.pages.dev/help/contact/883243086649924,1
qr_94_malicious_images.png,https://chitsu.ru/,1
qr_95_malicious_images.png,http://hello.dashixiong.idv.tw/,1
qr_96_malicious_images.png,http://kellyshow-nature.com/,1
qr_97_malicious_images.png,http://steam.communitysectionart.com/filedetails/sharedfiles/id=353496694/,1
qr_98_malicious_images.png,https://steamcomunnity.com/glft/0010210,1
qr_99_malicious_images.png,http://xx551001.com/,1
qr_9_malicious_images.png,http://www.shorten.is/@authenticateinformationpage5368945487/,1
